Model,Precision,Recall,F1-Score
LSTM,0.9390367811420443,0.9840289608177172,0.9610065508994489
BiLSTM,0.992284612087441,0.9859454855195912,0.989104892117069
